Id,Date_reported,Country_code,Country,WHO_region,New_cases,Cumulative_cases,New_deaths,Cumulative_deaths
1,03-01-2020,IN,India,SEARO,0,0,0,0
2,04-01-2020,IN,India,SEARO,0,0,0,0
3,05-01-2020,IN,India,SEARO,0,0,0,0
4,06-01-2020,IN,India,SEARO,0,0,0,0
5,07-01-2020,IN,India,SEARO,0,0,0,0
6,08-01-2020,IN,India,SEARO,0,0,0,0
7,09-01-2020,IN,India,SEARO,0,0,0,0
8,10-01-2020,IN,India,SEARO,0,0,0,0
9,11-01-2020,IN,India,SEARO,0,0,0,0
10,12-01-2020,IN,India,SEARO,0,0,0,0
11,13-01-2020,IN,India,SEARO,0,0,0,0
12,14-01-2020,IN,India,SEARO,0,0,0,0
13,15-01-2020,IN,India,SEARO,0,0,0,0
14,16-01-2020,IN,India,SEARO,0,0,0,0
15,17-01-2020,IN,India,SEARO,0,0,0,0
16,18-01-2020,IN,India,SEARO,0,0,0,0
17,19-01-2020,IN,India,SEARO,0,0,0,0
18,20-01-2020,IN,India,SEARO,0,0,0,0
19,21-01-2020,IN,India,SEARO,0,0,0,0
20,22-01-2020,IN,India,SEARO,0,0,0,0
21,23-01-2020,IN,India,SEARO,0,0,0,0
22,24-01-2020,IN,India,SEARO,0,0,0,0
23,25-01-2020,IN,India,SEARO,0,0,0,0
24,26-01-2020,IN,India,SEARO,0,0,0,0
25,27-01-2020,IN,India,SEARO,0,0,0,0
26,28-01-2020,IN,India,SEARO,0,0,0,0
27,29-01-2020,IN,India,SEARO,0,0,0,0
28,30-01-2020,IN,India,SEARO,1,1,0,0
29,31-01-2020,IN,India,SEARO,4,5,0,0
30,01-02-2020,IN,India,SEARO,0,5,0,0
31,02-02-2020,IN,India,SEARO,-3,2,0,0
32,03-02-2020,IN,India,SEARO,1,3,0,0
33,04-02-2020,IN,India,SEARO,4,7,0,0
34,05-02-2020,IN,India,SEARO,0,7,0,0
35,06-02-2020,IN,India,SEARO,0,7,0,0
36,07-02-2020,IN,India,SEARO,0,7,0,0
37,08-02-2020,IN,India,SEARO,0,7,0,0
38,09-02-2020,IN,India,SEARO,0,7,0,0
39,10-02-2020,IN,India,SEARO,0,7,0,0
40,11-02-2020,IN,India,SEARO,0,7,0,0
41,12-02-2020,IN,India,SEARO,0,7,0,0
42,13-02-2020,IN,India,SEARO,0,7,0,0
43,14-02-2020,IN,India,SEARO,0,7,0,0
44,15-02-2020,IN,India,SEARO,0,7,0,0
45,16-02-2020,IN,India,SEARO,0,7,0,0
46,17-02-2020,IN,India,SEARO,0,7,0,0
47,18-02-2020,IN,India,SEARO,0,7,0,0
48,19-02-2020,IN,India,SEARO,0,7,0,0
49,20-02-2020,IN,India,SEARO,0,7,0,0
50,21-02-2020,IN,India,SEARO,0,7,0,0
51,22-02-2020,IN,India,SEARO,0,7,0,0
52,23-02-2020,IN,India,SEARO,0,7,0,0
53,24-02-2020,IN,India,SEARO,0,7,0,0
54,25-02-2020,IN,India,SEARO,0,7,0,0
55,26-02-2020,IN,India,SEARO,0,7,0,0
56,27-02-2020,IN,India,SEARO,0,7,0,0
57,28-02-2020,IN,India,SEARO,0,7,0,0
58,29-02-2020,IN,India,SEARO,0,7,0,0
59,01-03-2020,IN,India,SEARO,0,7,0,0
60,02-03-2020,IN,India,SEARO,-2,5,0,0
61,03-03-2020,IN,India,SEARO,4,9,0,0
62,04-03-2020,IN,India,SEARO,19,28,0,0
63,05-03-2020,IN,India,SEARO,1,29,0,0
64,06-03-2020,IN,India,SEARO,2,31,0,0
65,07-03-2020,IN,India,SEARO,3,34,0,0
66,08-03-2020,IN,India,SEARO,5,39,0,0
67,09-03-2020,IN,India,SEARO,5,44,0,0
68,10-03-2020,IN,India,SEARO,6,50,0,0
69,11-03-2020,IN,India,SEARO,10,60,0,0
70,12-03-2020,IN,India,SEARO,13,73,0,0
71,13-03-2020,IN,India,SEARO,8,81,1,1
72,14-03-2020,IN,India,SEARO,3,84,1,2
73,15-03-2020,IN,India,SEARO,23,107,0,2
74,16-03-2020,IN,India,SEARO,7,114,0,2
75,17-03-2020,IN,India,SEARO,23,137,1,3
76,18-03-2020,IN,India,SEARO,14,151,0,3
77,19-03-2020,IN,India,SEARO,22,173,1,4
78,20-03-2020,IN,India,SEARO,50,223,0,4
79,21-03-2020,IN,India,SEARO,60,283,0,4
80,22-03-2020,IN,India,SEARO,77,360,3,7
81,23-03-2020,IN,India,SEARO,74,434,2,9
82,24-03-2020,IN,India,SEARO,85,519,0,9
83,25-03-2020,IN,India,SEARO,87,606,1,10
84,26-03-2020,IN,India,SEARO,43,649,3,13
85,27-03-2020,IN,India,SEARO,75,724,4,17
86,28-03-2020,IN,India,SEARO,185,909,2,19
87,29-03-2020,IN,India,SEARO,70,979,6,25
88,30-03-2020,IN,India,SEARO,92,1071,4,29
89,31-03-2020,IN,India,SEARO,180,1251,3,32
90,01-04-2020,IN,India,SEARO,386,1637,6,38
91,02-04-2020,IN,India,SEARO,328,1965,12,50
92,03-04-2020,IN,India,SEARO,336,2301,6,56
93,04-04-2020,IN,India,SEARO,601,2902,12,68
94,05-04-2020,IN,India,SEARO,472,3374,9,77
95,06-04-2020,IN,India,SEARO,693,4067,32,109
96,07-04-2020,IN,India,SEARO,354,4421,5,114
97,08-04-2020,IN,India,SEARO,853,5274,35,149
98,09-04-2020,IN,India,SEARO,591,5865,20,169
99,10-04-2020,IN,India,SEARO,547,6412,30,199
100,11-04-2020,IN,India,SEARO,1035,7447,40,239
101,12-04-2020,IN,India,SEARO,909,8356,34,273
102,13-04-2020,IN,India,SEARO,796,9152,35,308
103,14-04-2020,IN,India,SEARO,1211,10363,31,339
104,15-04-2020,IN,India,SEARO,1076,11439,38,377
105,16-04-2020,IN,India,SEARO,941,12380,37,414
106,17-04-2020,IN,India,SEARO,1007,13387,23,437
107,18-04-2020,IN,India,SEARO,991,14378,43,480
108,19-04-2020,IN,India,SEARO,1334,15712,27,507
109,20-04-2020,IN,India,SEARO,1553,17265,36,543
110,21-04-2020,IN,India,SEARO,1336,18601,47,590
111,22-04-2020,IN,India,SEARO,1383,19984,50,640
112,23-04-2020,IN,India,SEARO,1409,21393,41,681
113,24-04-2020,IN,India,SEARO,1684,23077,37,718
114,25-04-2020,IN,India,SEARO,1429,24506,57,775
115,26-04-2020,IN,India,SEARO,1990,26496,49,824
116,27-04-2020,IN,India,SEARO,1396,27892,48,872
117,28-04-2020,IN,India,SEARO,1543,29435,62,934
118,29-04-2020,IN,India,SEARO,1897,31332,73,1007
119,30-04-2020,IN,India,SEARO,1718,33050,67,1074
120,01-05-2020,IN,India,SEARO,1993,35043,73,1147
121,02-05-2020,IN,India,SEARO,2293,37336,71,1218
122,03-05-2020,IN,India,SEARO,2644,39980,83,1301
123,04-05-2020,IN,India,SEARO,2553,42533,72,1373
124,05-05-2020,IN,India,SEARO,3900,46433,195,1568
125,06-05-2020,IN,India,SEARO,2958,49391,126,1694
126,07-05-2020,IN,India,SEARO,3561,52952,89,1783
127,08-05-2020,IN,India,SEARO,3390,56342,103,1886
128,09-05-2020,IN,India,SEARO,3320,59662,95,1981
129,10-05-2020,IN,India,SEARO,3277,62939,128,2109
130,11-05-2020,IN,India,SEARO,4213,67152,97,2206
131,12-05-2020,IN,India,SEARO,3604,70756,87,2293
132,13-05-2020,IN,India,SEARO,3525,74281,122,2415
133,14-05-2020,IN,India,SEARO,3722,78003,134,2549
134,15-05-2020,IN,India,SEARO,3967,81970,100,2649
135,16-05-2020,IN,India,SEARO,3970,85940,103,2752
136,17-05-2020,IN,India,SEARO,4987,90927,120,2872
137,18-05-2020,IN,India,SEARO,5242,96169,157,3029
138,19-05-2020,IN,India,SEARO,4970,101139,134,3163
139,20-05-2020,IN,India,SEARO,5611,106750,140,3303
140,21-05-2020,IN,India,SEARO,5609,112359,132,3435
141,22-05-2020,IN,India,SEARO,6088,118447,148,3583
142,23-05-2020,IN,India,SEARO,6654,125101,137,3720
143,24-05-2020,IN,India,SEARO,6767,131868,147,3867
144,25-05-2020,IN,India,SEARO,6977,138845,154,4021
145,26-05-2020,IN,India,SEARO,6535,145380,146,4167
146,27-05-2020,IN,India,SEARO,6387,151767,170,4337
147,28-05-2020,IN,India,SEARO,6566,158333,194,4531
148,29-05-2020,IN,India,SEARO,7466,165799,175,4706
149,30-05-2020,IN,India,SEARO,7964,173763,265,4971
150,31-05-2020,IN,India,SEARO,8380,182143,193,5164
151,01-06-2020,IN,India,SEARO,8392,190535,230,5394
152,02-06-2020,IN,India,SEARO,8171,198706,204,5598
153,03-06-2020,IN,India,SEARO,8909,207615,217,5815
154,04-06-2020,IN,India,SEARO,9304,216919,260,6075
155,05-06-2020,IN,India,SEARO,9851,226770,273,6348
156,06-06-2020,IN,India,SEARO,9887,236657,294,6642
157,07-06-2020,IN,India,SEARO,9971,246628,287,6929
158,08-06-2020,IN,India,SEARO,9983,256611,271,7200
159,09-06-2020,IN,India,SEARO,9987,266598,271,7471
160,10-06-2020,IN,India,SEARO,9985,276583,274,7745
161,11-06-2020,IN,India,SEARO,9996,286579,357,8102
162,12-06-2020,IN,India,SEARO,10956,297535,396,8498
163,13-06-2020,IN,India,SEARO,11458,308993,386,8884
164,14-06-2020,IN,India,SEARO,11929,320922,311,9195
165,15-06-2020,IN,India,SEARO,11502,332424,325,9520
166,16-06-2020,IN,India,SEARO,10667,343091,380,9900
167,17-06-2020,IN,India,SEARO,10974,354065,2003,11903
168,18-06-2020,IN,India,SEARO,12881,366946,334,12237
169,19-06-2020,IN,India,SEARO,13586,380532,336,12573
170,20-06-2020,IN,India,SEARO,14516,395048,375,12948
171,21-06-2020,IN,India,SEARO,15413,410461,306,13254
172,22-06-2020,IN,India,SEARO,14821,425282,445,13699
173,23-06-2020,IN,India,SEARO,14933,440215,312,14011
174,24-06-2020,IN,India,SEARO,15968,456183,465,14476
175,25-06-2020,IN,India,SEARO,16922,473105,418,14894
176,26-06-2020,IN,India,SEARO,17296,490401,407,15301
177,27-06-2020,IN,India,SEARO,18552,508953,384,15685
178,28-06-2020,IN,India,SEARO,19906,528859,410,16095
179,29-06-2020,IN,India,SEARO,19459,548318,380,16475
180,30-06-2020,IN,India,SEARO,18522,566840,418,16893
181,01-07-2020,IN,India,SEARO,18653,585493,507,17400
182,02-07-2020,IN,India,SEARO,19148,604641,434,17834
183,03-07-2020,IN,India,SEARO,20903,625544,379,18213
184,04-07-2020,IN,India,SEARO,22771,648315,442,18655
185,05-07-2020,IN,India,SEARO,24850,673165,613,19268
186,06-07-2020,IN,India,SEARO,24248,697413,425,19693
187,07-07-2020,IN,India,SEARO,22252,719665,467,20160
188,08-07-2020,IN,India,SEARO,22752,742417,482,20642
189,09-07-2020,IN,India,SEARO,24879,767296,487,21129
190,10-07-2020,IN,India,SEARO,26506,793802,475,21604
191,11-07-2020,IN,India,SEARO,27114,820916,519,22123
192,12-07-2020,IN,India,SEARO,28637,849553,551,22674
193,13-07-2020,IN,India,SEARO,28701,878254,500,23174
194,14-07-2020,IN,India,SEARO,28498,906752,553,23727
195,15-07-2020,IN,India,SEARO,29429,936181,582,24309
196,16-07-2020,IN,India,SEARO,32695,968876,606,24915
197,17-07-2020,IN,India,SEARO,34956,1003832,687,25602
198,18-07-2020,IN,India,SEARO,34884,1038716,671,26273
199,19-07-2020,IN,India,SEARO,38902,1077618,543,26816
200,20-07-2020,IN,India,SEARO,40425,1118043,681,27497
201,21-07-2020,IN,India,SEARO,37148,1155191,587,28084
202,22-07-2020,IN,India,SEARO,37724,1192915,648,28732
203,23-07-2020,IN,India,SEARO,45720,1238635,1129,29861
204,24-07-2020,IN,India,SEARO,49310,1287945,740,30601
205,25-07-2020,IN,India,SEARO,48916,1336861,757,31358
206,26-07-2020,IN,India,SEARO,48661,1385522,705,32063
207,27-07-2020,IN,India,SEARO,49931,1435453,708,32771
208,28-07-2020,IN,India,SEARO,47703,1483156,654,33425
209,29-07-2020,IN,India,SEARO,48513,1531669,768,34193
210,30-07-2020,IN,India,SEARO,52123,1583792,775,34968
211,31-07-2020,IN,India,SEARO,55078,1638870,779,35747
212,01-08-2020,IN,India,SEARO,57118,1695988,764,36511
213,02-08-2020,IN,India,SEARO,54735,1750723,853,37364
214,03-08-2020,IN,India,SEARO,52972,1803695,771,38135
215,04-08-2020,IN,India,SEARO,52050,1855745,803,38938
216,05-08-2020,IN,India,SEARO,52509,1908254,857,39795
217,06-08-2020,IN,India,SEARO,56282,1964536,904,40699
218,07-08-2020,IN,India,SEARO,62538,2027074,886,41585
219,08-08-2020,IN,India,SEARO,61537,2088611,933,42518
220,09-08-2020,IN,India,SEARO,64399,2153010,861,43379
221,10-08-2020,IN,India,SEARO,62064,2215074,1007,44386
222,11-08-2020,IN,India,SEARO,53601,2268675,871,45257
223,12-08-2020,IN,India,SEARO,60963,2329638,834,46091
224,13-08-2020,IN,India,SEARO,66999,2396637,942,47033
225,14-08-2020,IN,India,SEARO,64553,2461190,1007,48040
226,15-08-2020,IN,India,SEARO,65002,2526192,996,49036
227,16-08-2020,IN,India,SEARO,63490,2589682,944,49980
228,17-08-2020,IN,India,SEARO,57981,2647663,941,50921
229,18-08-2020,IN,India,SEARO,55079,2702742,876,51797
230,19-08-2020,IN,India,SEARO,64531,2767273,1092,52889
231,20-08-2020,IN,India,SEARO,69652,2836925,977,53866
232,21-08-2020,IN,India,SEARO,68898,2905823,983,54849
233,22-08-2020,IN,India,SEARO,69878,2975701,945,55794
234,23-08-2020,IN,India,SEARO,69239,3044940,912,56706
235,24-08-2020,IN,India,SEARO,61408,3106348,836,57542
236,25-08-2020,IN,India,SEARO,60975,3167323,848,58390
237,26-08-2020,IN,India,SEARO,67151,3234474,1059,59449
238,27-08-2020,IN,India,SEARO,75760,3310234,1023,60472
239,28-08-2020,IN,India,SEARO,77266,3387500,1057,61529
240,29-08-2020,IN,India,SEARO,76472,3463972,1021,62550
241,30-08-2020,IN,India,SEARO,78761,3542733,948,63498
242,31-08-2020,IN,India,SEARO,78512,3621245,971,64469
243,01-09-2020,IN,India,SEARO,69921,3691166,819,65288
244,02-09-2020,IN,India,SEARO,78357,3769523,1045,66333
245,03-09-2020,IN,India,SEARO,83883,3853406,1043,67376
246,04-09-2020,IN,India,SEARO,83341,3936747,1096,68472
247,05-09-2020,IN,India,SEARO,86432,4023179,1089,69561
248,06-09-2020,IN,India,SEARO,90632,4113811,1065,70626
249,07-09-2020,IN,India,SEARO,90802,4204613,1016,71642
250,08-09-2020,IN,India,SEARO,75809,4280422,1133,72775
251,09-09-2020,IN,India,SEARO,89706,4370128,1115,73890
252,10-09-2020,IN,India,SEARO,95735,4465863,1172,75062
253,11-09-2020,IN,India,SEARO,96551,4562414,1209,76271
254,12-09-2020,IN,India,SEARO,97570,4659984,1201,77472
255,13-09-2020,IN,India,SEARO,94372,4754356,1114,78586
256,14-09-2020,IN,India,SEARO,92071,4846427,1136,79722
257,15-09-2020,IN,India,SEARO,83809,4930236,1054,80776
258,16-09-2020,IN,India,SEARO,90123,5020359,1290,82066
259,17-09-2020,IN,India,SEARO,97894,5118253,1132,83198
260,18-09-2020,IN,India,SEARO,96424,5214677,1174,84372
261,19-09-2020,IN,India,SEARO,93337,5308014,1247,85619
262,20-09-2020,IN,India,SEARO,92605,5400619,1133,86752
263,21-09-2020,IN,India,SEARO,86961,5487580,1130,87882
264,22-09-2020,IN,India,SEARO,75083,5562663,1053,88935
265,23-09-2020,IN,India,SEARO,83347,5646010,1085,90020
266,24-09-2020,IN,India,SEARO,86508,5732518,1129,91149
267,25-09-2020,IN,India,SEARO,86052,5818570,1141,92290
268,26-09-2020,IN,India,SEARO,85362,5903932,1089,93379
269,27-09-2020,IN,India,SEARO,88600,5992532,1124,94503
270,28-09-2020,IN,India,SEARO,82170,6074702,1039,95542
271,29-09-2020,IN,India,SEARO,70589,6145291,776,96318
272,30-09-2020,IN,India,SEARO,80472,6225763,1179,97497
273,01-10-2020,IN,India,SEARO,86821,6312584,1181,98678
274,02-10-2020,IN,India,SEARO,81484,6394068,1095,99773
275,03-10-2020,IN,India,SEARO,79476,6473544,1069,100842
276,04-10-2020,IN,India,SEARO,75829,6549373,940,101782
277,05-10-2020,IN,India,SEARO,74442,6623815,903,102685
278,06-10-2020,IN,India,SEARO,61267,6685082,884,103569
279,07-10-2020,IN,India,SEARO,72049,6757131,986,104555
280,08-10-2020,IN,India,SEARO,78524,6835655,971,105526
281,09-10-2020,IN,India,SEARO,70496,6906151,964,106490
282,10-10-2020,IN,India,SEARO,73272,6979423,926,107416
283,11-10-2020,IN,India,SEARO,74383,7053806,918,108334
284,12-10-2020,IN,India,SEARO,66732,7120538,816,109150
285,13-10-2020,IN,India,SEARO,55342,7175880,706,109856
286,14-10-2020,IN,India,SEARO,63509,7239389,730,110586
287,15-10-2020,IN,India,SEARO,67708,7307097,680,111266
288,16-10-2020,IN,India,SEARO,63371,7370468,895,112161
289,17-10-2020,IN,India,SEARO,62212,7432680,837,112998
290,18-10-2020,IN,India,SEARO,61871,7494551,1033,114031
291,19-10-2020,IN,India,SEARO,55722,7550273,579,114610
292,20-10-2020,IN,India,SEARO,46790,7597063,587,115197
293,21-10-2020,IN,India,SEARO,54044,7651107,717,115914
294,22-10-2020,IN,India,SEARO,55839,7706946,702,116616
295,23-10-2020,IN,India,SEARO,54366,7761312,690,117306
296,24-10-2020,IN,India,SEARO,53370,7814682,650,117956
297,25-10-2020,IN,India,SEARO,50129,7864811,578,118534
298,26-10-2020,IN,India,SEARO,45148,7909959,480,119014
299,27-10-2020,IN,India,SEARO,36470,7946429,488,119502
300,28-10-2020,IN,India,SEARO,43893,7990322,508,120010
301,29-10-2020,IN,India,SEARO,49881,8040203,517,120527
302,30-10-2020,IN,India,SEARO,48648,8088851,563,121090
303,31-10-2020,IN,India,SEARO,48268,8137119,551,121641
304,01-11-2020,IN,India,SEARO,46963,8184082,470,122111
305,02-11-2020,IN,India,SEARO,45231,8229313,496,122607
306,03-11-2020,IN,India,SEARO,38310,8267623,490,123097
307,04-11-2020,IN,India,SEARO,46253,8313876,514,123611
308,05-11-2020,IN,India,SEARO,50210,8364086,704,124315
309,06-11-2020,IN,India,SEARO,47638,8411724,670,124985
310,07-11-2020,IN,India,SEARO,50356,8462080,577,125562
311,08-11-2020,IN,India,SEARO,45674,8507754,559,126121
312,09-11-2020,IN,India,SEARO,45903,8553657,490,126611
313,10-11-2020,IN,India,SEARO,38073,8591730,448,127059
314,11-11-2020,IN,India,SEARO,44281,8636011,512,127571
315,12-11-2020,IN,India,SEARO,47905,8683916,550,128121
316,13-11-2020,IN,India,SEARO,44879,8728795,547,128668
317,14-11-2020,IN,India,SEARO,44684,8773479,520,129188
318,15-11-2020,IN,India,SEARO,41100,8814579,447,129635
319,16-11-2020,IN,India,SEARO,30548,8845127,435,130070
320,17-11-2020,IN,India,SEARO,29163,8874290,449,130519
321,18-11-2020,IN,India,SEARO,38617,8912907,474,130993
322,19-11-2020,IN,India,SEARO,45576,8958483,585,131578
323,20-11-2020,IN,India,SEARO,45882,9004365,584,132162
324,21-11-2020,IN,India,SEARO,46232,9050597,564,132726
325,22-11-2020,IN,India,SEARO,45209,9095806,501,133227
326,23-11-2020,IN,India,SEARO,44059,9139865,511,133738
327,24-11-2020,IN,India,SEARO,37975,9177840,480,134218
328,25-11-2020,IN,India,SEARO,44376,9222216,481,134699
329,26-11-2020,IN,India,SEARO,44489,9266705,524,135223
330,27-11-2020,IN,India,SEARO,43082,9309787,492,135715
331,28-11-2020,IN,India,SEARO,41322,9351109,485,136200
332,29-11-2020,IN,India,SEARO,41810,9392919,496,136696
333,30-11-2020,IN,India,SEARO,38772,9431691,443,137139
334,01-12-2020,IN,India,SEARO,31118,9462809,482,137621
335,02-12-2020,IN,India,SEARO,36604,9499413,501,138122
336,03-12-2020,IN,India,SEARO,35551,9534964,526,138648
337,04-12-2020,IN,India,SEARO,36595,9571559,540,139188
338,05-12-2020,IN,India,SEARO,36652,9608211,512,139700
339,06-12-2020,IN,India,SEARO,36011,9644222,482,140182
340,07-12-2020,IN,India,SEARO,32981,9677203,391,140573
341,08-12-2020,IN,India,SEARO,26567,9703770,385,140958
342,09-12-2020,IN,India,SEARO,32080,9735850,402,141360
343,10-12-2020,IN,India,SEARO,31521,9767371,412,141772
344,11-12-2020,IN,India,SEARO,29398,9796769,414,142186
345,12-12-2020,IN,India,SEARO,30006,9826775,442,142628
346,13-12-2020,IN,India,SEARO,30254,9857029,391,143019
347,14-12-2020,IN,India,SEARO,27071,9884100,336,143355
348,15-12-2020,IN,India,SEARO,22065,9906165,354,143709
349,16-12-2020,IN,India,SEARO,26382,9932547,387,144096
350,17-12-2020,IN,India,SEARO,24010,9956557,355,144451
351,18-12-2020,IN,India,SEARO,22890,9979447,338,144789
352,19-12-2020,IN,India,SEARO,25152,10004599,347,145136
353,20-12-2020,IN,India,SEARO,26624,10031223,341,145477
354,21-12-2020,IN,India,SEARO,24337,10055560,333,145810
355,22-12-2020,IN,India,SEARO,19556,10075116,301,146111
356,23-12-2020,IN,India,SEARO,23950,10099066,333,146444
357,24-12-2020,IN,India,SEARO,24712,10123778,312,146756
358,25-12-2020,IN,India,SEARO,23067,10146845,336,147092
359,26-12-2020,IN,India,SEARO,22273,10169118,251,147343
360,27-12-2020,IN,India,SEARO,18732,10187850,279,147622
361,28-12-2020,IN,India,SEARO,20021,10207871,279,147901
362,29-12-2020,IN,India,SEARO,16432,10224303,252,148153
363,30-12-2020,IN,India,SEARO,20549,10244852,286,148439
364,31-12-2020,IN,India,SEARO,21822,10266674,299,148738
365,01-01-2021,IN,India,SEARO,20035,10286709,256,148994
366,02-01-2021,IN,India,SEARO,19079,10305788,224,149218
367,03-01-2021,IN,India,SEARO,18177,10323965,217,149435
368,04-01-2021,IN,India,SEARO,16504,10340469,214,149649
369,05-01-2021,IN,India,SEARO,16375,10356844,201,149850
370,06-01-2021,IN,India,SEARO,18088,10374932,264,150114
371,07-01-2021,IN,India,SEARO,20346,10395278,222,150336
372,08-01-2021,IN,India,SEARO,18139,10413417,234,150570
373,09-01-2021,IN,India,SEARO,18222,10431639,228,150798
374,10-01-2021,IN,India,SEARO,18645,10450284,201,150999
375,11-01-2021,IN,India,SEARO,16311,10466595,161,151160
376,12-01-2021,IN,India,SEARO,12584,10479179,167,151327
377,13-01-2021,IN,India,SEARO,15968,10495147,202,151529
378,14-01-2021,IN,India,SEARO,16946,10512093,198,151727
379,15-01-2021,IN,India,SEARO,15590,10527683,191,151918
380,16-01-2021,IN,India,SEARO,15158,10542841,175,152093
381,17-01-2021,IN,India,SEARO,15144,10557985,181,152274
382,18-01-2021,IN,India,SEARO,13788,10571773,145,152419
383,19-01-2021,IN,India,SEARO,10064,10581837,137,152556
384,20-01-2021,IN,India,SEARO,13823,10595660,162,152718
385,21-01-2021,IN,India,SEARO,15223,10610883,151,152869
386,22-01-2021,IN,India,SEARO,14545,10625428,163,153032
387,23-01-2021,IN,India,SEARO,14256,10639684,152,153184
388,24-01-2021,IN,India,SEARO,14849,10654533,155,153339
389,25-01-2021,IN,India,SEARO,13203,10667736,131,153470
390,26-01-2021,IN,India,SEARO,9102,10676838,117,153587
391,27-01-2021,IN,India,SEARO,12689,10689527,137,153724
392,28-01-2021,IN,India,SEARO,11666,10701193,123,153847
393,29-01-2021,IN,India,SEARO,18855,10720048,163,154010
394,30-01-2021,IN,India,SEARO,13083,10733131,137,154147
395,31-01-2021,IN,India,SEARO,13052,10746183,127,154274
396,01-02-2021,IN,India,SEARO,11427,10757610,118,154392
397,02-02-2021,IN,India,SEARO,8635,10766245,94,154486
398,03-02-2021,IN,India,SEARO,11039,10777284,110,154596
399,04-02-2021,IN,India,SEARO,12899,10790183,107,154703
400,05-02-2021,IN,India,SEARO,12408,10802591,120,154823
401,06-02-2021,IN,India,SEARO,11713,10814304,95,154918
402,07-02-2021,IN,India,SEARO,12059,10826363,78,154996
403,08-02-2021,IN,India,SEARO,11831,10838194,84,155080
404,09-02-2021,IN,India,SEARO,9110,10847304,78,155158
405,10-02-2021,IN,India,SEARO,11067,10858371,94,155252
406,11-02-2021,IN,India,SEARO,12923,10871294,108,155360
407,12-02-2021,IN,India,SEARO,9309,10880603,87,155447
408,13-02-2021,IN,India,SEARO,12143,10892746,103,155550
409,14-02-2021,IN,India,SEARO,12194,10904940,92,155642
410,15-02-2021,IN,India,SEARO,11649,10916589,90,155732
411,16-02-2021,IN,India,SEARO,9121,10925710,81,155813
412,17-02-2021,IN,India,SEARO,11610,10937320,100,155913
413,18-02-2021,IN,India,SEARO,12881,10950201,101,156014
414,19-02-2021,IN,India,SEARO,13193,10963394,97,156111
415,20-02-2021,IN,India,SEARO,13993,10977387,101,156212
416,21-02-2021,IN,India,SEARO,14264,10991651,90,156302
417,22-02-2021,IN,India,SEARO,14199,11005850,83,156385
418,23-02-2021,IN,India,SEARO,10584,11016434,78,156463
419,24-02-2021,IN,India,SEARO,13742,11030176,104,156567
420,25-02-2021,IN,India,SEARO,16738,11046914,138,156705
421,26-02-2021,IN,India,SEARO,16577,11063491,120,156825
422,27-02-2021,IN,India,SEARO,16488,11079979,113,156938
423,28-02-2021,IN,India,SEARO,16752,11096731,113,157051
424,01-03-2021,IN,India,SEARO,15510,11112241,106,157157
425,02-03-2021,IN,India,SEARO,12286,11124527,91,157248
426,03-03-2021,IN,India,SEARO,14989,11139516,98,157346
427,04-03-2021,IN,India,SEARO,17407,11156923,89,157435
428,05-03-2021,IN,India,SEARO,16838,11173761,113,157548
429,06-03-2021,IN,India,SEARO,18327,11192088,108,157656
430,07-03-2021,IN,India,SEARO,18711,11210799,100,157756
431,08-03-2021,IN,India,SEARO,18599,11229398,97,157853
432,09-03-2021,IN,India,SEARO,15388,11244786,77,157930
433,10-03-2021,IN,India,SEARO,17921,11262707,133,158063
434,11-03-2021,IN,India,SEARO,22854,11285561,126,158189
435,12-03-2021,IN,India,SEARO,23285,11308846,117,158306
436,13-03-2021,IN,India,SEARO,24882,11333728,140,158446
437,14-03-2021,IN,India,SEARO,25320,11359048,161,158607
438,15-03-2021,IN,India,SEARO,26291,11385339,118,158725
439,16-03-2021,IN,India,SEARO,24492,11409831,131,158856
440,17-03-2021,IN,India,SEARO,28903,11438734,188,159044
441,18-03-2021,IN,India,SEARO,35871,11474605,172,159216
442,19-03-2021,IN,India,SEARO,39726,11514331,154,159370
443,20-03-2021,IN,India,SEARO,40953,11555284,188,159558
444,21-03-2021,IN,India,SEARO,43846,11599130,197,159755
445,22-03-2021,IN,India,SEARO,46951,11646081,212,159967
446,23-03-2021,IN,India,SEARO,40715,11686796,199,160166
447,24-03-2021,IN,India,SEARO,47262,11734058,275,160441
448,25-03-2021,IN,India,SEARO,53476,11787534,251,160692
449,26-03-2021,IN,India,SEARO,59118,11846652,257,160949
450,27-03-2021,IN,India,SEARO,62258,11908910,291,161240
451,28-03-2021,IN,India,SEARO,62714,11971624,312,161552
452,29-03-2021,IN,India,SEARO,68020,12039644,291,161843
453,30-03-2021,IN,India,SEARO,56211,12095855,271,162114
454,31-03-2021,IN,India,SEARO,53480,12149335,354,162468
455,01-04-2021,IN,India,SEARO,72330,12221665,459,162927
456,02-04-2021,IN,India,SEARO,81466,12303131,469,163396
457,03-04-2021,IN,India,SEARO,89129,12392260,714,164110
458,04-04-2021,IN,India,SEARO,93249,12485509,513,164623
459,05-04-2021,IN,India,SEARO,103558,12589067,478,165101
460,06-04-2021,IN,India,SEARO,96982,12686049,446,165547
461,07-04-2021,IN,India,SEARO,115736,12801785,630,166177
462,08-04-2021,IN,India,SEARO,126789,12928574,685,166862
463,09-04-2021,IN,India,SEARO,131968,13060542,780,167642
464,10-04-2021,IN,India,SEARO,145384,13205926,794,168436
465,11-04-2021,IN,India,SEARO,152879,13358805,839,169275
466,12-04-2021,IN,India,SEARO,168912,13527717,904,170179
467,13-04-2021,IN,India,SEARO,161736,13689453,879,171058
468,14-04-2021,IN,India,SEARO,184372,13873825,1027,172085
469,15-04-2021,IN,India,SEARO,200739,14074564,1038,173123
470,16-04-2021,IN,India,SEARO,217353,14291917,1185,174308
471,17-04-2021,IN,India,SEARO,234692,14526609,1341,175649
472,18-04-2021,IN,India,SEARO,261500,14788109,1501,177150
473,19-04-2021,IN,India,SEARO,273810,15061919,1619,178769
474,20-04-2021,IN,India,SEARO,259170,15321089,1761,180530
475,21-04-2021,IN,India,SEARO,295041,15616130,2023,182553
476,22-04-2021,IN,India,SEARO,314835,15930965,2104,184657
477,23-04-2021,IN,India,SEARO,332730,16263695,2263,186920
478,24-04-2021,IN,India,SEARO,346786,16610481,2624,189544
479,25-04-2021,IN,India,SEARO,349691,16960172,2767,192311
480,26-04-2021,IN,India,SEARO,352991,17313163,2812,195123
481,27-04-2021,IN,India,SEARO,323144,17636307,2771,197894
482,28-04-2021,IN,India,SEARO,360960,17997267,3293,201187
483,29-04-2021,IN,India,SEARO,379257,18376524,3645,204832
484,30-04-2021,IN,India,SEARO,386452,18762976,3498,208330
485,01-05-2021,IN,India,SEARO,401993,19164969,3523,211853
486,02-05-2021,IN,India,SEARO,392488,19557457,3689,215542
487,03-05-2021,IN,India,SEARO,368147,19925604,3417,218959
488,04-05-2021,IN,India,SEARO,357229,20282833,3449,222408
489,05-05-2021,IN,India,SEARO,382315,20665148,3780,226188
490,06-05-2021,IN,India,SEARO,412262,21077410,3980,230168
491,07-05-2021,IN,India,SEARO,414188,21491598,3915,234083
492,08-05-2021,IN,India,SEARO,401078,21892676,4187,238270
493,09-05-2021,IN,India,SEARO,403738,22296414,4092,242362
494,10-05-2021,IN,India,SEARO,366161,22662575,3754,246116
495,11-05-2021,IN,India,SEARO,329942,22992517,3876,249992
496,12-05-2021,IN,India,SEARO,348421,23340938,4205,254197
497,13-05-2021,IN,India,SEARO,362727,23703665,4120,258317
498,14-05-2021,IN,India,SEARO,343144,24046809,4000,262317
499,15-05-2021,IN,India,SEARO,326098,24372907,3890,266207
500,16-05-2021,IN,India,SEARO,311170,24684077,4077,270284
501,17-05-2021,IN,India,SEARO,281386,24965463,4106,274390
502,18-05-2021,IN,India,SEARO,263533,25228996,4329,278719
503,19-05-2021,IN,India,SEARO,267334,25496330,4529,283248
504,20-05-2021,IN,India,SEARO,276110,25772440,3874,287122
505,21-05-2021,IN,India,SEARO,259551,26031991,4209,291331
506,22-05-2021,IN,India,SEARO,257299,26289290,4194,295525
507,23-05-2021,IN,India,SEARO,240842,26530132,3741,299266
508,24-05-2021,IN,India,SEARO,222315,26752447,4454,303720
509,25-05-2021,IN,India,SEARO,196427,26948874,3511,307231
510,26-05-2021,IN,India,SEARO,208921,27157795,4157,311388
511,27-05-2021,IN,India,SEARO,211298,27369093,3847,315235
512,28-05-2021,IN,India,SEARO,186364,27555457,3660,318895
513,29-05-2021,IN,India,SEARO,173790,27729247,3617,322512
514,30-05-2021,IN,India,SEARO,165553,27894800,3460,325972
515,31-05-2021,IN,India,SEARO,152734,28047534,3128,329100
516,01-06-2021,IN,India,SEARO,127510,28175044,2795,331895
517,02-06-2021,IN,India,SEARO,132788,28307832,3207,335102
518,03-06-2021,IN,India,SEARO,134154,28441986,2887,337989
519,04-06-2021,IN,India,SEARO,132364,28574350,2713,340702
520,05-06-2021,IN,India,SEARO,120529,28694879,3380,344082
521,06-06-2021,IN,India,SEARO,114460,28809339,2677,346759
522,07-06-2021,IN,India,SEARO,100636,28909975,2427,349186
523,08-06-2021,IN,India,SEARO,86498,28996473,2123,351309
524,09-06-2021,IN,India,SEARO,92596,29089069,2219,353528
525,10-06-2021,IN,India,SEARO,94052,29183121,6148,359676
526,11-06-2021,IN,India,SEARO,91702,29274823,3403,363079
527,12-06-2021,IN,India,SEARO,84332,29359155,4002,367081
528,13-06-2021,IN,India,SEARO,80834,29439989,3303,370384
529,14-06-2021,IN,India,SEARO,70421,29510410,3921,374305
530,15-06-2021,IN,India,SEARO,60471,29570881,2726,377031
531,16-06-2021,IN,India,SEARO,62224,29633105,2542,379573
532,17-06-2021,IN,India,SEARO,67208,29700313,2330,381903
533,18-06-2021,IN,India,SEARO,62480,29762793,1587,383490
534,03-01-2020,US,United States of America,AMRO,0,0,0,0
535,04-01-2020,US,United States of America,AMRO,0,0,0,0
536,05-01-2020,US,United States of America,AMRO,0,0,0,0
537,06-01-2020,US,United States of America,AMRO,0,0,0,0
538,07-01-2020,US,United States of America,AMRO,0,0,0,0
539,08-01-2020,US,United States of America,AMRO,0,0,0,0
540,09-01-2020,US,United States of America,AMRO,0,0,0,0
541,10-01-2020,US,United States of America,AMRO,0,0,0,0
542,11-01-2020,US,United States of America,AMRO,0,0,0,0
543,12-01-2020,US,United States of America,AMRO,0,0,0,0
544,13-01-2020,US,United States of America,AMRO,0,0,0,0
545,14-01-2020,US,United States of America,AMRO,0,0,0,0
546,15-01-2020,US,United States of America,AMRO,0,0,0,0
547,16-01-2020,US,United States of America,AMRO,0,0,0,0
548,17-01-2020,US,United States of America,AMRO,0,0,0,0
549,18-01-2020,US,United States of America,AMRO,0,0,0,0
550,19-01-2020,US,United States of America,AMRO,0,0,0,0
551,20-01-2020,US,United States of America,AMRO,5,5,0,0
552,21-01-2020,US,United States of America,AMRO,0,5,0,0
553,22-01-2020,US,United States of America,AMRO,0,5,0,0
554,23-01-2020,US,United States of America,AMRO,0,5,0,0
555,24-01-2020,US,United States of America,AMRO,31,36,0,0
556,25-01-2020,US,United States of America,AMRO,1,37,0,0
557,26-01-2020,US,United States of America,AMRO,1,38,0,0
558,27-01-2020,US,United States of America,AMRO,3,41,0,0
559,28-01-2020,US,United States of America,AMRO,3,44,0,0
560,29-01-2020,US,United States of America,AMRO,1,45,0,0
561,30-01-2020,US,United States of America,AMRO,1,46,0,0
562,31-01-2020,US,United States of America,AMRO,1,47,0,0
563,01-02-2020,US,United States of America,AMRO,2,49,0,0
564,02-02-2020,US,United States of America,AMRO,4,53,0,0
565,03-02-2020,US,United States of America,AMRO,3,56,0,0
566,04-02-2020,US,United States of America,AMRO,1,57,0,0
567,05-02-2020,US,United States of America,AMRO,7,64,0,0
568,06-02-2020,US,United States of America,AMRO,1,65,0,0
569,07-02-2020,US,United States of America,AMRO,1,66,0,0
570,08-02-2020,US,United States of America,AMRO,0,66,0,0
571,09-02-2020,US,United States of America,AMRO,1,67,0,0
572,10-02-2020,US,United States of America,AMRO,1,68,0,0
573,11-02-2020,US,United States of America,AMRO,2,70,0,0
574,12-02-2020,US,United States of America,AMRO,1,71,0,0
575,13-02-2020,US,United States of America,AMRO,2,73,0,0
576,14-02-2020,US,United States of America,AMRO,1,74,0,0
577,15-02-2020,US,United States of America,AMRO,2,76,0,0
578,16-02-2020,US,United States of America,AMRO,3,79,0,0
579,17-02-2020,US,United States of America,AMRO,2,81,0,0
580,18-02-2020,US,United States of America,AMRO,0,81,0,0
581,19-02-2020,US,United States of America,AMRO,6,87,0,0
582,20-02-2020,US,United States of America,AMRO,0,87,0,0
583,21-02-2020,US,United States of America,AMRO,1,88,0,0
584,22-02-2020,US,United States of America,AMRO,2,90,0,0
585,23-02-2020,US,United States of America,AMRO,9,99,0,0
586,24-02-2020,US,United States of America,AMRO,2,101,0,0
587,25-02-2020,US,United States of America,AMRO,1,102,0,0
588,26-02-2020,US,United States of America,AMRO,4,106,0,0
589,27-02-2020,US,United States of America,AMRO,5,111,0,0
590,28-02-2020,US,United States of America,AMRO,4,115,0,0
591,29-02-2020,US,United States of America,AMRO,11,126,1,1
592,01-03-2020,US,United States of America,AMRO,8,134,0,1
593,02-03-2020,US,United States of America,AMRO,19,153,1,2
594,03-03-2020,US,United States of America,AMRO,24,177,0,2
595,04-03-2020,US,United States of America,AMRO,41,218,5,7
596,05-03-2020,US,United States of America,AMRO,38,256,3,10
597,06-03-2020,US,United States of America,AMRO,44,300,1,11
598,07-03-2020,US,United States of America,AMRO,81,381,2,13
599,08-03-2020,US,United States of America,AMRO,78,459,2,15
600,09-03-2020,US,United States of America,AMRO,98,557,5,20
601,10-03-2020,US,United States of America,AMRO,191,748,4,24
602,11-03-2020,US,United States of America,AMRO,301,1049,7,31
603,12-03-2020,US,United States of America,AMRO,374,1423,5,36
604,13-03-2020,US,United States of America,AMRO,368,1791,12,48
605,14-03-2020,US,United States of America,AMRO,532,2323,7,55
606,15-03-2020,US,United States of America,AMRO,443,2766,8,63
607,16-03-2020,US,United States of America,AMRO,536,3302,12,75
608,17-03-2020,US,United States of America,AMRO,1381,4683,23,98
609,18-03-2020,US,United States of America,AMRO,1055,5738,18,116
610,19-03-2020,US,United States of America,AMRO,3108,8846,31,147
611,20-03-2020,US,United States of America,AMRO,3765,12611,67,214
612,21-03-2020,US,United States of America,AMRO,5045,17656,57,271
613,22-03-2020,US,United States of America,AMRO,3743,21399,70,341
614,23-03-2020,US,United States of America,AMRO,6037,27436,83,424
615,24-03-2020,US,United States of America,AMRO,9032,36468,81,505
616,25-03-2020,US,United States of America,AMRO,11224,47692,151,656
617,26-03-2020,US,United States of America,AMRO,10786,58478,206,862
618,27-03-2020,US,United States of America,AMRO,14073,72551,275,1137
619,28-03-2020,US,United States of America,AMRO,17135,89686,267,1404
620,29-03-2020,US,United States of America,AMRO,18547,108233,450,1854
621,30-03-2020,US,United States of America,AMRO,19444,127677,459,2313
622,31-03-2020,US,United States of America,AMRO,18136,145813,331,2644
623,01-04-2020,US,United States of America,AMRO,22395,168208,511,3155
624,02-04-2020,US,United States of America,AMRO,22834,191042,752,3907
625,03-04-2020,US,United States of America,AMRO,27357,218399,912,4819
626,04-04-2020,US,United States of America,AMRO,25982,244381,970,5789
627,05-04-2020,US,United States of America,AMRO,35131,279512,1067,6856
628,06-04-2020,US,United States of America,AMRO,30593,310105,1157,8013
629,07-04-2020,US,United States of America,AMRO,25511,335616,1364,9377
630,08-04-2020,US,United States of America,AMRO,42604,378220,3243,12620
631,09-04-2020,US,United States of America,AMRO,21975,400195,674,13294
632,10-04-2020,US,United States of America,AMRO,31714,431909,1958,15252
633,11-04-2020,US,United States of America,AMRO,31215,463124,2343,17595
634,12-04-2020,US,United States of America,AMRO,34595,497719,1640,19235
635,13-04-2020,US,United States of America,AMRO,32364,530083,1971,21206
636,14-04-2020,US,United States of America,AMRO,27973,558056,1380,22586
637,15-04-2020,US,United States of America,AMRO,24540,582596,597,23183
638,16-04-2020,US,United States of America,AMRO,25794,608390,2356,25539
639,17-04-2020,US,United States of America,AMRO,27172,635562,6508,32047
640,18-04-2020,US,United States of America,AMRO,29015,664577,2011,34058
641,19-04-2020,US,United States of America,AMRO,29978,694555,2451,36509
642,20-04-2020,US,United States of America,AMRO,29759,724314,1794,38303
643,21-04-2020,US,United States of America,AMRO,24371,748685,1878,40181
644,22-04-2020,US,United States of America,AMRO,29479,778164,2807,42988
645,23-04-2020,US,United States of America,AMRO,26339,804503,2820,45808
646,24-04-2020,US,United States of America,AMRO,26644,831147,1771,47579
647,25-04-2020,US,United States of America,AMRO,37063,868210,2489,50068
648,26-04-2020,US,United States of America,AMRO,30408,898618,1652,51720
649,27-04-2020,US,United States of America,AMRO,33630,932248,2017,53737
650,28-04-2020,US,United States of America,AMRO,27787,960035,1460,55197
651,29-04-2020,US,United States of America,AMRO,24270,984305,1423,56620
652,30-04-2020,US,United States of America,AMRO,24095,1008400,2253,58873
653,01-05-2020,US,United States of America,AMRO,26299,1034699,2474,61347
654,02-05-2020,US,United States of America,AMRO,31184,1065883,2264,63611
655,03-05-2020,US,United States of America,AMRO,30169,1096052,1939,65550
656,04-05-2020,US,United States of America,AMRO,28743,1124795,1494,67044
657,05-05-2020,US,United States of America,AMRO,29161,1153956,1728,68772
658,06-05-2020,US,United States of America,AMRO,19069,1173025,976,69748
659,07-05-2020,US,United States of America,AMRO,22690,1195715,2455,72203
660,08-05-2020,US,United States of America,AMRO,23593,1219308,2310,74513
661,09-05-2020,US,United States of America,AMRO,30297,1249605,2277,76790
662,10-05-2020,US,United States of America,AMRO,25214,1274819,1620,78410
663,11-05-2020,US,United States of America,AMRO,26914,1301733,1626,80036
664,12-05-2020,US,United States of America,AMRO,23871,1325604,980,81016
665,13-05-2020,US,United States of America,AMRO,18080,1343684,1076,82092
666,14-05-2020,US,United States of America,AMRO,22025,1365709,1526,83618
667,15-05-2020,US,United States of America,AMRO,20953,1386662,1644,85262
668,16-05-2020,US,United States of America,AMRO,26972,1413634,1794,87056
669,17-05-2020,US,United States of America,AMRO,22855,1436489,1483,88539
670,18-05-2020,US,United States of America,AMRO,32243,1468732,1399,89938
671,19-05-2020,US,United States of America,AMRO,13346,1482078,696,90634
672,20-05-2020,US,United States of America,AMRO,24654,1506732,982,91616
673,21-05-2020,US,United States of America,AMRO,24261,1530993,1324,92940
674,22-05-2020,US,United States of America,AMRO,22354,1553347,1347,94287
675,23-05-2020,US,United States of America,AMRO,20665,1574012,1083,95370
676,24-05-2020,US,United States of America,AMRO,24382,1598394,1832,97202
677,25-05-2020,US,United States of America,AMRO,26188,1624582,1030,98232
678,26-05-2020,US,United States of America,AMRO,14957,1639539,643,98875
679,27-05-2020,US,United States of America,AMRO,24630,1664169,637,99512
680,28-05-2020,US,United States of America,AMRO,16630,1680799,802,100314
681,29-05-2020,US,United States of America,AMRO,20020,1700819,1388,101702
682,30-05-2020,US,United States of America,AMRO,21459,1722278,1215,102917
683,31-05-2020,US,United States of America,AMRO,18053,1740331,1054,103971
684,01-06-2020,US,United States of America,AMRO,23921,1764252,929,104900
685,02-06-2020,US,United States of America,AMRO,25812,1790064,661,105561
686,03-06-2020,US,United States of America,AMRO,12207,1802271,609,106170
687,04-06-2020,US,United States of America,AMRO,25127,1827398,1058,107228
688,05-06-2020,US,United States of America,AMRO,15268,1842666,948,108176
689,06-06-2020,US,United States of America,AMRO,20648,1863314,900,109076
690,07-06-2020,US,United States of America,AMRO,29515,1892829,1109,110185
691,08-06-2020,US,United States of America,AMRO,28389,1921218,705,110890
692,09-06-2020,US,United States of America,AMRO,17526,1938744,516,111406
693,10-06-2020,US,United States of America,AMRO,17902,1956646,796,112202
694,11-06-2020,US,United States of America,AMRO,18029,1974675,924,113126
695,12-06-2020,US,United States of America,AMRO,21303,1995978,831,113957
696,13-06-2020,US,United States of America,AMRO,22644,2018622,932,114889
697,14-06-2020,US,United States of America,AMRO,22179,2040801,694,115583
698,15-06-2020,US,United States of America,AMRO,24677,2065478,674,116257
699,16-06-2020,US,United States of America,AMRO,20844,2086322,406,116663
700,17-06-2020,US,United States of America,AMRO,19600,2105922,519,117182
701,18-06-2020,US,United States of America,AMRO,29741,2135663,749,117931
702,19-06-2020,US,United States of America,AMRO,24393,2160056,719,118650
703,20-06-2020,US,United States of America,AMRO,28912,2188968,719,119369
704,21-06-2020,US,United States of America,AMRO,32879,2221847,707,120076
705,22-06-2020,US,United States of America,AMRO,32891,2254738,595,120671
706,23-06-2020,US,United States of America,AMRO,27874,2282612,366,121037
707,24-06-2020,US,United States of America,AMRO,26719,2309331,439,121476
708,25-06-2020,US,United States of America,AMRO,35074,2344405,824,122300
709,26-06-2020,US,United States of America,AMRO,39364,2383769,704,123004
710,27-06-2020,US,United States of America,AMRO,39824,2423593,2553,125557
711,28-06-2020,US,United States of America,AMRO,45239,2468832,656,126213
712,29-06-2020,US,United States of America,AMRO,44729,2513561,559,126772
713,30-06-2020,US,United States of America,AMRO,40282,2553843,964,127736
714,01-07-2020,US,United States of America,AMRO,37174,2591017,446,128182
715,02-07-2020,US,United States of America,AMRO,45607,2636624,710,128892
716,03-07-2020,US,United States of America,AMRO,55938,2692562,760,129652
717,04-07-2020,US,United States of America,AMRO,55490,2748052,699,130351
718,05-07-2020,US,United States of America,AMRO,56340,2804392,773,131124
719,06-07-2020,US,United States of America,AMRO,50876,2855268,434,131558
720,07-07-2020,US,United States of America,AMRO,42980,2898248,381,131939
721,08-07-2020,US,United States of America,AMRO,51356,2949604,528,132467
722,09-07-2020,US,United States of America,AMRO,53167,3002771,1018,133485
723,10-07-2020,US,United States of America,AMRO,66610,3069381,1058,134543
724,11-07-2020,US,United States of America,AMRO,60075,3129456,878,135421
725,12-07-2020,US,United States of America,AMRO,69090,3198546,903,136324
726,13-07-2020,US,United States of America,AMRO,61027,3259573,839,137163
727,14-07-2020,US,United States of America,AMRO,60071,3319644,691,137854
728,15-07-2020,US,United States of America,AMRO,60648,3380292,604,138458
729,16-07-2020,US,United States of America,AMRO,60242,3440534,993,139451
730,17-07-2020,US,United States of America,AMRO,70732,3511266,1088,140539
731,18-07-2020,US,United States of America,AMRO,72641,3583907,1041,141580
732,19-07-2020,US,United States of America,AMRO,76170,3660077,1007,142587
733,20-07-2020,US,United States of America,AMRO,64007,3724084,943,143530
734,21-07-2020,US,United States of America,AMRO,61095,3785179,764,144294
735,22-07-2020,US,United States of America,AMRO,58837,3844016,746,145040
736,23-07-2020,US,United States of America,AMRO,64223,3908239,1185,146225
737,24-07-2020,US,United States of America,AMRO,70150,3978389,1133,147358
738,25-07-2020,US,United States of America,AMRO,70791,4049180,1232,148590
739,26-07-2020,US,United States of America,AMRO,72859,4122039,1203,149793
740,27-07-2020,US,United States of America,AMRO,61341,4183380,1044,150837
741,28-07-2020,US,United States of America,AMRO,58028,4241408,712,151549
742,29-07-2020,US,United States of America,AMRO,53900,4295308,786,152335
743,30-07-2020,US,United States of America,AMRO,58936,4354244,1259,153594
744,31-07-2020,US,United States of America,AMRO,63689,4417933,1277,154871
745,01-08-2020,US,United States of America,AMRO,67033,4484966,1413,156284
746,02-08-2020,US,United States of America,AMRO,65085,4550051,1298,157582
747,03-08-2020,US,United States of America,AMRO,57487,4607538,1120,158702
748,04-08-2020,US,United States of America,AMRO,51454,4658992,700,159402
749,05-08-2020,US,United States of America,AMRO,44264,4703256,797,160199
750,06-08-2020,US,United States of America,AMRO,51879,4755135,1062,161261
751,07-08-2020,US,United States of America,AMRO,52165,4807300,1270,162531
752,08-08-2020,US,United States of America,AMRO,55029,4862329,1173,163704
753,09-08-2020,US,United States of America,AMRO,59103,4921432,1266,164970
754,10-08-2020,US,United States of America,AMRO,53881,4975313,1027,165997
755,11-08-2020,US,United States of America,AMRO,46664,5021977,664,166661
756,12-08-2020,US,United States of America,AMRO,40656,5062633,774,167435
757,13-08-2020,US,United States of America,AMRO,56093,5118726,1202,168637
758,14-08-2020,US,United States of America,AMRO,56111,5174837,1302,169939
759,15-08-2020,US,United States of America,AMRO,52986,5227823,1138,171077
760,16-08-2020,US,United States of America,AMRO,54307,5282130,1114,172191
761,17-08-2020,US,United States of America,AMRO,54073,5336203,975,173166
762,18-08-2020,US,United States of America,AMRO,40975,5377178,804,173970
763,19-08-2020,US,United States of America,AMRO,38075,5415253,575,174545
764,20-08-2020,US,United States of America,AMRO,40748,5456001,1120,175665
765,21-08-2020,US,United States of America,AMRO,45066,5501067,1224,176889
766,22-08-2020,US,United States of America,AMRO,45400,5546467,972,177861
767,23-08-2020,US,United States of America,AMRO,45233,5591700,990,178851
768,24-08-2020,US,United States of America,AMRO,43901,5635601,889,179740
769,25-08-2020,US,United States of America,AMRO,36673,5672274,653,180393
770,26-08-2020,US,United States of America,AMRO,35532,5707806,549,180942
771,27-08-2020,US,United States of America,AMRO,39301,5747107,1047,181989
772,28-08-2020,US,United States of America,AMRO,45693,5792800,1023,183012
773,29-08-2020,US,United States of America,AMRO,47020,5839820,980,183992
774,30-08-2020,US,United States of America,AMRO,45058,5884878,904,184896
775,31-08-2020,US,United States of America,AMRO,41120,5925998,914,185810
776,01-09-2020,US,United States of America,AMRO,35618,5961616,482,186292
777,02-09-2020,US,United States of America,AMRO,33577,5995193,510,186802
778,03-09-2020,US,United States of America,AMRO,44250,6039443,1015,187817
779,04-09-2020,US,United States of America,AMRO,42145,6081588,868,188685
780,05-09-2020,US,United States of America,AMRO,46120,6127708,976,189661
781,06-09-2020,US,United States of America,AMRO,49920,6177628,904,190565
782,07-09-2020,US,United States of America,AMRO,41531,6219159,778,191343
783,08-09-2020,US,United States of America,AMRO,33158,6252317,511,191854
784,09-09-2020,US,United States of America,AMRO,25513,6277830,303,192157
785,10-09-2020,US,United States of America,AMRO,26272,6304102,465,192622
786,11-09-2020,US,United States of America,AMRO,34383,6338485,1061,193683
787,12-09-2020,US,United States of America,AMRO,38207,6376692,989,194672
788,13-09-2020,US,United States of America,AMRO,44820,6421512,899,195571
789,14-09-2020,US,United States of America,AMRO,39476,6460988,731,196302
790,15-09-2020,US,United States of America,AMRO,31548,6492536,547,196849
791,16-09-2020,US,United States of America,AMRO,34811,6527347,437,197286
792,17-09-2020,US,United States of America,AMRO,35785,6563132,861,198147
793,18-09-2020,US,United States of America,AMRO,42294,6605426,1167,199314
794,19-09-2020,US,United States of America,AMRO,44236,6649662,784,200098
795,20-09-2020,US,United States of America,AMRO,47199,6696861,866,200964
796,21-09-2020,US,United States of America,AMRO,41497,6738358,599,201563
797,22-09-2020,US,United States of America,AMRO,33890,6772248,346,201909
798,23-09-2020,US,United States of America,AMRO,40150,6812398,502,202411
799,24-09-2020,US,United States of America,AMRO,48953,6861351,761,203172
800,25-09-2020,US,United States of America,AMRO,40835,6902186,1074,204246
801,26-09-2020,US,United States of America,AMRO,44051,6946237,849,205095
802,27-09-2020,US,United States of America,AMRO,49872,6996109,815,205910
803,28-09-2020,US,United States of America,AMRO,42704,7038813,774,206684
804,29-09-2020,US,United States of America,AMRO,34869,7073682,329,207013
805,30-09-2020,US,United States of America,AMRO,36695,7110377,340,207353
806,01-10-2020,US,United States of America,AMRO,39442,7149819,900,208253
807,02-10-2020,US,United States of America,AMRO,46266,7196085,782,209035
808,03-10-2020,US,United States of America,AMRO,46928,7243013,833,209868
809,04-10-2020,US,United States of America,AMRO,50322,7293335,828,210696
810,05-10-2020,US,United States of America,AMRO,46719,7340054,663,211359
811,06-10-2020,US,United States of America,AMRO,35996,7376050,451,211810
812,07-10-2020,US,United States of America,AMRO,42534,7418584,477,212287
813,08-10-2020,US,United States of America,AMRO,41353,7459937,641,212928
814,09-10-2020,US,United States of America,AMRO,54640,7514577,803,213731
815,10-10-2020,US,United States of America,AMRO,55452,7570029,917,214648
816,11-10-2020,US,United States of America,AMRO,57896,7627925,899,215547
817,12-10-2020,US,United States of America,AMRO,50821,7678746,584,216131
818,13-10-2020,US,United States of America,AMRO,47522,7726268,580,216711
819,14-10-2020,US,United States of America,AMRO,48048,7774316,454,217165
820,15-10-2020,US,United States of America,AMRO,50113,7824429,766,217931
821,16-10-2020,US,United States of America,AMRO,56983,7881412,797,218728
822,17-10-2020,US,United States of America,AMRO,63546,7944958,843,219571
823,18-10-2020,US,United States of America,AMRO,67772,8012730,976,220547
824,19-10-2020,US,United States of America,AMRO,53584,8066314,629,221176
825,20-10-2020,US,United States of America,AMRO,48425,8114739,574,221750
826,21-10-2020,US,United States of America,AMRO,59697,8174436,634,222384
827,22-10-2020,US,United States of America,AMRO,62309,8236745,847,223231
828,23-10-2020,US,United States of America,AMRO,65402,8302147,1042,224273
829,24-10-2020,US,United States of America,AMRO,75563,8377710,988,225261
830,25-10-2020,US,United States of America,AMRO,82223,8459933,961,226222
831,26-10-2020,US,United States of America,AMRO,78289,8538222,884,227106
832,27-10-2020,US,United States of America,AMRO,62409,8600631,436,227542
833,28-10-2020,US,United States of America,AMRO,68534,8669165,616,228158
834,29-10-2020,US,United States of America,AMRO,75619,8744784,938,229096
835,30-10-2020,US,United States of America,AMRO,83863,8828647,1063,230159
836,31-10-2020,US,United States of America,AMRO,90856,8919503,1094,231253
837,01-11-2020,US,United States of America,AMRO,99242,9018745,1042,232295
838,02-11-2020,US,United States of America,AMRO,87919,9106664,824,233119
839,03-11-2020,US,United States of America,AMRO,137913,9244577,512,233631
840,04-11-2020,US,United States of America,AMRO,91368,9335945,664,234295
841,05-11-2020,US,United States of America,AMRO,96301,9432246,1136,235431
842,06-11-2020,US,United States of America,AMRO,110818,9543064,1172,236603
843,07-11-2020,US,United States of America,AMRO,122899,9665963,1159,237762
844,08-11-2020,US,United States of America,AMRO,133346,9799309,1221,238983
845,09-11-2020,US,United States of America,AMRO,129150,9928459,1086,240069
846,10-11-2020,US,United States of America,AMRO,105550,10034009,615,240684
847,11-11-2020,US,United States of America,AMRO,128515,10162524,866,241550
848,12-11-2020,US,United States of America,AMRO,144244,10306768,1874,243424
849,13-11-2020,US,United States of America,AMRO,151353,10458121,1000,244424
850,14-11-2020,US,United States of America,AMRO,160338,10618459,1707,246131
851,15-11-2020,US,United States of America,AMRO,179536,10797995,1313,247444
852,16-11-2020,US,United States of America,AMRO,161174,10959169,1322,248766
853,17-11-2020,US,United States of America,AMRO,139878,11099047,798,249564
854,18-11-2020,US,United States of America,AMRO,158847,11257894,943,250507
855,19-11-2020,US,United States of America,AMRO,165487,11423381,1612,252119
856,20-11-2020,US,United States of America,AMRO,168357,11591738,1789,253908
857,21-11-2020,US,United States of America,AMRO,188087,11779825,1947,255855
858,22-11-2020,US,United States of America,AMRO,196984,11976809,1888,257743
859,23-11-2020,US,United States of America,AMRO,176061,12152870,1477,259220
860,24-11-2020,US,United States of America,AMRO,149442,12302312,1061,260281
861,25-11-2020,US,United States of America,AMRO,164455,12466767,1258,261539
862,26-11-2020,US,United States of America,AMRO,174690,12641457,2089,263628
863,27-11-2020,US,United States of America,AMRO,188981,12830438,2246,265874
864,28-11-2020,US,United States of America,AMRO,147728,12978166,1441,267315
865,29-11-2020,US,United States of America,AMRO,176261,13154427,1525,268840
866,30-11-2020,US,United States of America,AMRO,147682,13302109,1401,270241
867,01-12-2020,US,United States of America,AMRO,135420,13437529,994,271235
868,02-12-2020,US,United States of America,AMRO,160365,13597894,1491,272726
869,03-12-2020,US,United States of America,AMRO,189757,13787651,2534,275260
870,04-12-2020,US,United States of America,AMRO,205815,13993466,2734,277994
871,05-12-2020,US,United States of America,AMRO,222840,14216306,2844,280838
872,06-12-2020,US,United States of America,AMRO,224358,14440664,2440,283278
873,07-12-2020,US,United States of America,AMRO,208854,14649518,2341,285619
874,08-12-2020,US,United States of America,AMRO,173874,14823392,1316,286935
875,09-12-2020,US,United States of America,AMRO,194996,15018388,1841,288776
876,10-12-2020,US,United States of America,AMRO,227096,15245484,2668,291444
877,11-12-2020,US,United States of America,AMRO,217561,15463045,3187,294631
878,12-12-2020,US,United States of America,AMRO,209909,15672954,2838,297469
879,13-12-2020,US,United States of America,AMRO,250135,15923089,3024,300493
880,14-12-2020,US,United States of America,AMRO,217251,16140340,2396,302889
881,15-12-2020,US,United States of America,AMRO,180769,16321109,1649,304538
882,16-12-2020,US,United States of America,AMRO,202385,16523494,1908,306446
883,17-12-2020,US,United States of America,AMRO,200935,16724429,2968,309414
884,18-12-2020,US,United States of America,AMRO,243962,16968391,3420,312834
885,19-12-2020,US,United States of America,AMRO,246505,17214896,3446,316280
886,20-12-2020,US,United States of America,AMRO,237330,17452226,2754,319034
887,21-12-2020,US,United States of America,AMRO,198918,17651144,2584,321618
888,22-12-2020,US,United States of America,AMRO,192411,17843555,1803,323421
889,23-12-2020,US,United States of America,AMRO,187349,18030904,1937,325358
890,24-12-2020,US,United States of America,AMRO,200442,18231346,3244,328602
891,25-12-2020,US,United States of America,AMRO,232439,18463785,3348,331950
892,26-12-2020,US,United States of America,AMRO,196598,18660383,2820,334770
893,27-12-2020,US,United States of America,AMRO,133256,18793639,1768,336538
894,28-12-2020,US,United States of America,AMRO,183182,18976821,1598,338136
895,29-12-2020,US,United States of America,AMRO,148496,19125317,1702,339838
896,30-12-2020,US,United States of America,AMRO,179388,19304705,2017,341855
897,31-12-2020,US,United States of America,AMRO,208626,19513331,3543,345398
898,01-01-2021,US,United States of America,AMRO,237337,19750668,3726,349124
899,02-01-2021,US,United States of America,AMRO,230749,19981417,3277,352401
900,03-01-2021,US,United States of America,AMRO,172805,20154222,2581,354982
901,04-01-2021,US,United States of America,AMRO,280226,20434448,2578,357560
902,05-01-2021,US,United States of America,AMRO,207617,20642065,1744,359304
903,06-01-2021,US,United States of America,AMRO,182342,20824407,2129,361433
904,07-01-2021,US,United States of America,AMRO,234989,21059396,3713,365146
905,08-01-2021,US,United States of America,AMRO,249893,21309289,3772,368918
906,09-01-2021,US,United States of America,AMRO,278047,21587336,4125,373043
907,10-01-2021,US,United States of America,AMRO,312247,21899583,3601,376644
908,11-01-2021,US,United States of America,AMRO,242706,22142289,3427,380071
909,12-01-2021,US,United States of America,AMRO,217568,22359857,2340,382411
910,13-01-2021,US,United States of America,AMRO,202149,22562006,2320,384731
911,14-01-2021,US,United States of America,AMRO,222108,22784114,4048,388779
912,15-01-2021,US,United States of America,AMRO,224827,23008941,4004,392783
913,16-01-2021,US,United States of America,AMRO,224744,23233685,3773,396556
914,17-01-2021,US,United States of America,AMRO,245914,23479599,3552,400108
915,18-01-2021,US,United States of America,AMRO,212299,23691898,3499,403607
916,19-01-2021,US,United States of America,AMRO,183737,23875635,2136,405743
917,20-01-2021,US,United States of America,AMRO,152372,24028007,2030,407773
918,21-01-2021,US,United States of America,AMRO,149551,24177558,2384,410157
919,22-01-2021,US,United States of America,AMRO,188128,24365686,4180,414337
920,23-01-2021,US,United States of America,AMRO,188609,24554295,3902,418239
921,24-01-2021,US,United States of America,AMRO,189131,24743426,3776,422015
922,25-01-2021,US,United States of America,AMRO,168956,24912382,3190,425205
923,26-01-2021,US,United States of America,AMRO,139791,25052173,2144,427349
924,27-01-2021,US,United States of America,AMRO,134873,25187046,2233,429582
925,28-01-2021,US,United States of America,AMRO,149329,25336375,3592,433174
926,29-01-2021,US,United States of America,AMRO,155950,25492325,3698,436872
927,30-01-2021,US,United States of America,AMRO,156221,25648546,3546,440418
928,31-01-2021,US,United States of America,AMRO,148456,25797002,3273,443691
929,01-02-2021,US,United States of America,AMRO,156826,25953828,2828,446519
930,02-02-2021,US,United States of America,AMRO,109424,26063252,2009,448528
931,03-02-2021,US,United States of America,AMRO,126530,26189782,1902,450430
932,04-02-2021,US,United States of America,AMRO,119657,26309439,3169,453599
933,05-02-2021,US,United States of America,AMRO,118677,26428116,3320,456919
934,06-02-2021,US,United States of America,AMRO,124853,26552969,4827,461746
935,07-02-2021,US,United States of America,AMRO,127221,26680190,3345,465091
936,08-02-2021,US,United States of America,AMRO,107773,26787963,2678,467769
937,09-02-2021,US,United States of America,AMRO,90525,26878488,1536,469305
938,10-02-2021,US,United States of America,AMRO,82328,26960816,1590,470895
939,11-02-2021,US,United States of America,AMRO,91671,27052487,2672,473567
940,12-02-2021,US,United States of America,AMRO,96084,27148571,3162,476729
941,13-02-2021,US,United States of America,AMRO,100571,27249142,3185,479914
942,14-02-2021,US,United States of America,AMRO,97779,27346921,5156,485070
943,15-02-2021,US,United States of America,AMRO,87963,27434884,3172,488242
944,16-02-2021,US,United States of America,AMRO,65813,27500697,1334,489576
945,17-02-2021,US,United States of America,AMRO,55128,27555825,1261,490837
946,18-02-2021,US,United States of America,AMRO,56692,27612517,1500,492337
947,19-02-2021,US,United States of America,AMRO,70074,27682591,2577,494914
948,20-02-2021,US,United States of America,AMRO,67806,27750397,2397,497311
949,21-02-2021,US,United States of America,AMRO,72906,27823303,2410,499721
950,22-02-2021,US,United States of America,AMRO,69631,27892934,2004,501725
951,23-02-2021,US,United States of America,AMRO,53992,27946926,1300,503025
952,24-02-2021,US,United States of America,AMRO,55864,28002790,1640,504665
953,25-02-2021,US,United States of America,AMRO,69267,28072057,1925,506590
954,26-02-2021,US,United States of America,AMRO,75437,28147494,2099,508689
955,27-02-2021,US,United States of America,AMRO,73453,28220947,2966,511655
956,28-02-2021,US,United States of America,AMRO,72996,28293943,1868,513523
957,01-03-2021,US,United States of America,AMRO,69545,28363488,1691,515214
958,02-03-2021,US,United States of America,AMRO,50194,28413682,898,516112
959,03-03-2021,US,United States of America,AMRO,51100,28464782,1309,517421
960,04-03-2021,US,United States of America,AMRO,55363,28520145,1873,519294
961,05-03-2021,US,United States of America,AMRO,64273,28584418,1612,520906
962,06-03-2021,US,United States of America,AMRO,65806,28650224,1551,522457
963,07-03-2021,US,United States of America,AMRO,65637,28715861,2000,524457
964,08-03-2021,US,United States of America,AMRO,57906,28773767,1478,525935
965,09-03-2021,US,United States of America,AMRO,42111,28815878,876,526811
966,10-03-2021,US,United States of America,AMRO,43161,28859039,928,527739
967,11-03-2021,US,United States of America,AMRO,53809,28912848,1369,529108
968,12-03-2021,US,United States of America,AMRO,60869,28973717,1347,530455
969,13-03-2021,US,United States of America,AMRO,60308,29034025,1324,531779
970,14-03-2021,US,United States of America,AMRO,62503,29096528,1222,533001
971,15-03-2021,US,United States of America,AMRO,52686,29149214,946,533947
972,16-03-2021,US,United States of America,AMRO,42393,29191607,588,534535
973,17-03-2021,US,United States of America,AMRO,45186,29236793,735,535270
974,18-03-2021,US,United States of America,AMRO,52164,29288957,939,536209
975,19-03-2021,US,United States of America,AMRO,57808,29346765,1004,537213
976,20-03-2021,US,United States of America,AMRO,58402,29405167,1343,538556
977,21-03-2021,US,United States of America,AMRO,61405,29466572,1359,539915
978,22-03-2021,US,United States of America,AMRO,60643,29527215,712,540627
979,23-03-2021,US,United States of America,AMRO,39024,29566239,451,541078
980,24-03-2021,US,United States of America,AMRO,55399,29621638,957,542035
981,25-03-2021,US,United States of America,AMRO,59983,29681621,729,542764
982,26-03-2021,US,United States of America,AMRO,65751,29747372,1091,543855
983,27-03-2021,US,United States of America,AMRO,67796,29815168,1237,545092
984,28-03-2021,US,United States of America,AMRO,71388,29886556,1170,546262
985,29-03-2021,US,United States of America,AMRO,63131,29949687,775,547037
986,30-03-2021,US,United States of America,AMRO,47266,29996953,516,547553
987,31-03-2021,US,United States of America,AMRO,61844,30058797,626,548179
988,01-04-2021,US,United States of America,AMRO,62561,30121358,763,548942
989,02-04-2021,US,United States of America,AMRO,69552,30190910,915,549857
990,03-04-2021,US,United States of America,AMRO,74707,30265617,815,550672
991,04-04-2021,US,United States of America,AMRO,64869,30330486,780,551452
992,05-04-2021,US,United States of America,AMRO,67736,30398222,722,552174
993,06-04-2021,US,United States of America,AMRO,41253,30439475,400,552574
994,07-04-2021,US,United States of America,AMRO,63035,30502510,335,552909
995,08-04-2021,US,United States of America,AMRO,61226,30563736,708,553617
996,09-04-2021,US,United States of America,AMRO,76069,30639805,772,554389
997,10-04-2021,US,United States of America,AMRO,76573,30716378,948,555337
998,11-04-2021,US,United States of America,AMRO,80567,30796945,930,556267
999,12-04-2021,US,United States of America,AMRO,68114,30865059,792,557059
1000,13-04-2021,US,United States of America,AMRO,53594,30918653,341,557400
1001,14-04-2021,US,United States of America,AMRO,57801,30976454,559,557959
1002,15-04-2021,US,United States of America,AMRO,77231,31053685,746,558705
1003,16-04-2021,US,United States of America,AMRO,74225,31127910,834,559539
1004,17-04-2021,US,United States of America,AMRO,72382,31200292,907,560446
1005,18-04-2021,US,United States of America,AMRO,75086,31275378,910,561356
1006,19-04-2021,US,United States of America,AMRO,70121,31345499,709,562065
1007,20-04-2021,US,United States of America,AMRO,53170,31398669,370,562435
1008,21-04-2021,US,United States of America,AMRO,44409,31443078,443,562878
1009,22-04-2021,US,United States of America,AMRO,59744,31502822,783,563661
1010,23-04-2021,US,United States of America,AMRO,63523,31566345,860,564521
1011,24-04-2021,US,United States of America,AMRO,65060,31631405,825,565346
1012,25-04-2021,US,United States of America,AMRO,61884,31693289,838,566184
1013,26-04-2021,US,United States of America,AMRO,56630,31749919,766,566950
1014,27-04-2021,US,United States of America,AMRO,40961,31790880,307,567257
1015,28-04-2021,US,United States of America,AMRO,28756,31819636,446,567703
1016,29-04-2021,US,United States of America,AMRO,51594,31871230,618,568321
1017,30-04-2021,US,United States of America,AMRO,54600,31925830,846,569167
1018,01-05-2021,US,United States of America,AMRO,59748,31985578,858,570025
1019,02-05-2021,US,United States of America,AMRO,53619,32039197,810,570835
1020,03-05-2021,US,United States of America,AMRO,50396,32089593,765,571600
1021,04-05-2021,US,United States of America,AMRO,37543,32127136,419,572019
1022,05-05-2021,US,United States of America,AMRO,32382,32159518,435,572454
1023,06-05-2021,US,United States of America,AMRO,44514,32204032,798,573252
1024,07-05-2021,US,United States of America,AMRO,44855,32248887,715,573967
1025,08-05-2021,US,United States of America,AMRO,44787,32293674,764,574731
1026,09-05-2021,US,United States of America,AMRO,45192,32338866,790,575521
1027,10-05-2021,US,United States of America,AMRO,38091,32376957,645,576166
1028,11-05-2021,US,United States of America,AMRO,27426,32404383,278,576444
1029,12-05-2021,US,United States of America,AMRO,22334,32426717,402,576846
1030,13-05-2021,US,United States of America,AMRO,34676,32461393,666,577512
1031,14-05-2021,US,United States of America,AMRO,35093,32496486,745,578257
1032,15-05-2021,US,United States of America,AMRO,37587,32534073,727,578984
1033,16-05-2021,US,United States of America,AMRO,40431,32574504,680,579664
1034,17-05-2021,US,United States of America,AMRO,30732,32605236,502,580166
1035,18-05-2021,US,United States of America,AMRO,17984,32623220,302,580468
1036,19-05-2021,US,United States of America,AMRO,23942,32647162,515,580983
1037,20-05-2021,US,United States of America,AMRO,29792,32676954,734,581717
1038,21-05-2021,US,United States of America,AMRO,29296,32706250,629,582346
1039,22-05-2021,US,United States of America,AMRO,28743,32734993,607,582953
1040,23-05-2021,US,United States of America,AMRO,27921,32762914,743,583696
1041,24-05-2021,US,United States of America,AMRO,21034,32783948,457,584153
1042,25-05-2021,US,United States of America,AMRO,13925,32797873,547,584700
1043,26-05-2021,US,United States of America,AMRO,22239,32820112,482,585182
1044,27-05-2021,US,United States of America,AMRO,24435,32844547,588,585770
1045,28-05-2021,US,United States of America,AMRO,24462,32869009,1120,586890
1046,29-05-2021,US,United States of America,AMRO,22401,32891410,659,587549
1047,30-05-2021,US,United States of America,AMRO,25091,32916501,743,588292
1048,31-05-2021,US,United States of America,AMRO,12677,32929178,304,588596
1049,01-06-2021,US,United States of America,AMRO,9821,32938999,160,588756
1050,02-06-2021,US,United States of America,AMRO,3678,32942677,110,588866
1051,03-06-2021,US,United States of America,AMRO,20641,32963318,689,589555
1052,04-06-2021,US,United States of America,AMRO,15989,32979307,540,590095
1053,05-06-2021,US,United States of America,AMRO,18568,32997875,598,590693
1054,06-06-2021,US,United States of America,AMRO,17729,33015604,583,591276
1055,07-06-2021,US,United States of America,AMRO,11608,33027212,420,591696
1056,08-06-2021,US,United States of America,AMRO,15410,33042622,418,592114
1057,09-06-2021,US,United States of America,AMRO,13739,33056361,496,592610
1058,10-06-2021,US,United States of America,AMRO,16551,33072912,322,592932
1059,11-06-2021,US,United States of America,AMRO,22053,33094965,433,593365
1060,12-06-2021,US,United States of America,AMRO,13304,33108269,513,593878
1061,13-06-2021,US,United States of America,AMRO,12354,33120623,394,594272
1062,14-06-2021,US,United States of America,AMRO,11678,33132301,224,594496
1063,15-06-2021,US,United States of America,AMRO,8197,33140498,148,594644
1064,16-06-2021,US,United States of America,AMRO,11180,33151678,244,594888
1065,17-06-2021,US,United States of America,AMRO,11954,33163632,368,595256
1066,18-06-2021,US,United States of America,AMRO,11767,33175399,335,595591
